Sa04_184_BF11_BR22,Sa04_184_BF11_BR20,Sa04_214_BR24_BF13,Sa05_5_BF11_BR11,Sa05_35_BR13_BF13,Sa05_65_BF2B_BR2B,Sa05_95_BR22_BF21,Sa05_125_BF2B_BR10,Sa05_155_BR13_BF21,Order,Family,Genus,Species
1,0,0,0,0,0,0,0,0,Odonata,Aeshnidae,Aeshna cyanea,Aeshna cyanea
2,0,0,53,58,466,612,1350,531,Trichoptera,Glossosomatidae,Agapetus ochripes,Agapetus ochripes
3,0,0,0,0,0,0,0,0,Plecoptera,Nemouridae,Amphinemura borealis,Amphinemura borealis
4,0,0,11655,6257,15,7,32,19,Pulmonata,Ancylidae,Ancylus fluviatilis,Ancylus fluviatilis
5,0,1,0,0,0,0,0,23,Trichoptera,Apataniidae,Apatania wallengreni,Apatania crymophila
6,0,0,0,0,0,0,0,0,Hemiptera,Aphelocheiridae,Aphelocheirus aestivalis,Aphelocheirus ellipsoideus
7,1,26,0,0,0,0,0,343,Trichoptera,Hydropsychidae,Arctopsyche ladogensis,Arctopsyche ladogensis
8,355509,410194,1677,4268,545,1003,948,3149,Isopoda,Asellidae,Asellus aquaticus,Asellus aquaticus
9,57,12,17,0,0,0,2,0,Isopoda,Asellidae,Asellus aquaticus,Asellus aquaticus
10,18,20,0,0,5,6,30,89,Isopoda,Asellidae,Asellus aquaticus,Asellus aquaticus
11,2,0,30,868,0,5,4,18,NA,NA,NA,Asellus aquaticus
12,1,0,0,0,0,0,0,0,Isopoda,Asellidae,Asellus aquaticus,Asellus aquaticus
13,9,3,0,0,1,6,0,0,Isopoda,Asellidae,Asellus aquaticus,Asellus aquaticus
14,755,852,0,0,2,1,0,0,Isopoda,Asellidae,Asellus aquaticus,Asellus aquaticus
15,6,0,2,0,22,15,19,0,Trichoptera,Leptoceridae,Athripsodes cinereus,Athripsodes cinereus
16,39,0,2,0,0,4,2,0,Trichoptera,Leptoceridae,Athripsodes cinereus,Athripsodes cinereus
17,0,0,0,0,0,0,0,9,Trichoptera,Leptoceridae,Athripsodes commutatus,Athripsodes commutatus
18,0,0,0,0,0,0,0,0,Trichoptera,Leptoceridae,Athripsodes commutatus,Athripsodes commutatus
19,2299,1967,25,0,540,132,48,240,Ephemeroptera,Baetidae,Nigrobaetis niger,Nigrobaetis niger
20,0,0,0,0,4,0,2,0,Ephemeroptera,Baetidae,Baetis bundyae,Baetis macani
21,0,0,0,0,0,0,0,0,Ephemeroptera,Baetidae,Baetis fuscatus,Baetis fuscatus
22,515,253,0,0,0,1,0,0,Ephemeroptera,Baetidae,Baetis sp. MZH_ES127,Baetis sp. MZH_JV15
23,0,0,0,0,0,0,0,0,NA,NA,NA,Baetis vernus
24,0,0,0,0,0,0,0,0,Ephemeroptera,Baetidae,Procloeon bifidum,Acentrella parvula
25,0,0,0,0,0,0,0,0,NA,NA,NA,Baetis vernus
26,1,0,0,0,0,0,0,0,Ephemeroptera,Baetidae,Cloeon dipterum,Cloeon dipterum
27,0,0,0,0,0,0,0,0,NA,NA,NA,Nigrobaetis niger
28,48,2,53204,85628,50117,61446,80346,107770,Ephemeroptera,Baetidae,Baetis rhodani,Baetis rhodani
29,2,1,3,1,418,22,0,3,Ephemeroptera,Baetidae,Baetis subalpinus,Baetis subalpinus
30,7,1,3,0,34,7,1,20,Ephemeroptera,Baetidae,Baetis vernus,Baetis vernus
31,6714,10699,0,0,5,86,0,0,Ephemeroptera,Baetidae,Baetis vernus,Baetis vernus
32,0,0,0,0,0,0,0,0,Ephemeroptera,Baetidae,Baetis vernus,Baetis vernus
33,0,0,0,0,347,0,0,0,Ephemeroptera,Baetidae,Baetis vernus,Baetis vernus
34,0,0,84091,84556,12981,21766,30684,26557,Littorinimorpha,Bithyniidae,Bithynia tentaculata,Bithynia tentaculata
35,1,0,1,0,0,0,0,0,Trichoptera,Brachycentridae,Brachycentrus subnubilus,Brachycentrus subnubilus
36,4,0,10,0,0,14,928,0,Ephemeroptera,Caenidae,Caenis horaria,Caenis horaria
37,1,0,0,0,0,0,9,0,Ephemeroptera,Caenidae,Caenis horaria,Caenis horaria
38,0,0,0,0,0,0,9,0,Ephemeroptera,Caenidae,Caenis luctuosa,Deleatidium sp. Dl_S75_05
39,7,0,0,0,0,0,1,1,Hemiptera,Corixidae,Callicorixa praeusta,Callicorixa audeni
40,0,0,0,0,0,0,1,0,Hemiptera,Corixidae,Callicorixa alaskensis,Callicorixa producta
41,1,0,0,0,0,0,0,0,NA,NA,NA,Callicorixa producta
42,0,0,0,0,0,0,0,0,Hemiptera,Corixidae,Callicorixa wollastoni,Callicorixa producta
43,1,0,0,0,0,0,0,0,NA,NA,NA,Callicorixa audeni
44,0,0,0,0,0,0,0,0,NA,NA,NA,Callicorixa producta
45,0,0,0,0,0,0,0,0,Hemiptera,Corixidae,Callicorixa praeusta,Callicorixa producta
46,6,0,0,0,0,0,1,1,Hemiptera,Corixidae,Callicorixa wollastoni,Callicorixa producta
47,7,10,1,0,4,29,3,0,Odonata,Calopterygidae,Calopteryx virgo,Calopteryx japonica
48,0,0,0,0,0,0,0,0,NA,NA,NA,Calopteryx japonica
49,0,0,0,0,0,2,3,0,Odonata,Calopterygidae,Calopteryx virgo,Calopteryx japonica
50,0,0,1,0,0,0,1,0,NA,NA,NA,Calopteryx japonica
51,0,0,0,0,0,0,0,0,Odonata,Calopterygidae,Calopteryx virgo,Calopteryx japonica
52,0,0,0,0,0,0,3,0,Odonata,Calopterygidae,Calopteryx virgo,Calopteryx japonica
53,0,0,2,0,0,7,38,0,Odonata,Calopterygidae,Calopteryx virgo,Calopteryx japonica
54,0,0,0,0,0,0,0,0,Odonata,Calopterygidae,Calopteryx virgo,Calopteryx japonica
55,0,0,0,0,0,2,5,0,Odonata,Calopterygidae,Calopteryx virgo,Calopteryx japonica
56,8,2,0,0,0,4,0,0,Ephemeroptera,Baetidae,Centroptilum luteolum,Centroptilum luteolum
57,0,0,0,0,0,15,22,0,Trichoptera,Leptoceridae,Ceraclea annulicornis,Ceraclea annulicornis
58,0,0,2,0,0,0,2,0,Trichoptera,Leptoceridae,Ceraclea excisa,Ceraclea excisa
59,0,0,0,0,0,0,0,0,Trichoptera,Leptoceridae,Ceraclea nigronervosa,Ceraclea nigronervosa
60,0,0,0,0,0,0,0,0,Trichoptera,Leptoceridae,Ceraclea dissimilis,Ceraclea dissimilis
61,0,0,0,0,0,0,0,0,NA,NA,NA,Ceraclea excisa
62,0,0,0,0,0,0,0,0,Diptera,Ceratopogonidae,Palpomyia flavipes,Forcipomyia sp. BOLD-2016
63,1,0,0,0,0,0,0,0,Diptera,Ceratopogonidae,Probezzia,Probezzia sp. 1ES
64,0,0,0,0,0,0,0,0,Diptera,Ceratopogonidae,Palpomyia flavipes,Ceratopogonidae sp. BOLD-2016
65,0,0,0,0,0,1,0,0,Diptera,Ceratopogonidae,Probezzia seminigra,Ceratopogonidae sp. BOLD:ACB1224
66,4,0,759,1879,1970,1012,157,1208,Trichoptera,Hydropsychidae,Cheumatopsyche lepida,Cheumatopsyche lepida
67,0,0,11,37,921,521,79,628,Trichoptera,Hydropsychidae,Cheumatopsyche lepida,Cheumatopsyche lepida
68,9544,8096,0,0,0,85,48,0,Diptera,Chironomidae,Conchapelopia melanops,Conchapelopia sp. BOLD:ACJ8833
69,4,0,0,0,0,0,0,0,Diptera,Chironomidae,Thienemanniella sp. 3TE,Orthocladiinae sp. BOLD-2016
70,0,0,7822,31227,4556,3904,7271,19408,Diptera,Chironomidae,Orthocladius rubicundus,Orthocladius sp. BOLD-2016
71,9921,12536,0,0,2,89,0,0,Diptera,Chironomidae,Arctopelopia barbitarsis,Diamesa arctica
72,0,0,35596,103264,19976,21513,72717,158769,Diptera,Chironomidae,NA,Orthocladiinae sp. BOLD:ABA6465
73,3,0,11,0,0,10,4,0,Diptera,Chironomidae,Gymnometriocnemus kamimegavirgus,Gymnometriocnemus volitans
74,2311,4739,0,0,0,3,0,0,Diptera,Chironomidae,Natarsia punctata,Chironomidae sp. BOLD-2016
75,0,0,0,0,0,0,0,0,Diptera,Chironomidae,Polypedilum pullum,Chironominae sp. BOLD:ACO2757
76,0,0,12856,5892,4184,7231,6046,3339,Diptera,Chironomidae,Conchapelopia hittmairorum,Conchapelopia sp. AJ-2011
77,1340,1724,8922,19935,979,1336,4732,8578,Diptera,Chironomidae,Orthocladius dentifer,Orthocladius sp. BOLD-2016
78,0,0,0,0,0,0,261,0,Diptera,Chironomidae,Orthocladius rubicundus,Orthocladius sp. BOLD-2016
79,4799,6113,0,0,0,11,0,0,Diptera,Chironomidae,Pseudodiamesa nivosa,Rheosmittia spinicornis
80,6,0,336,709,845,1024,443,398,Diptera,Chironomidae,Tvetenia tshernovskii,Cricotopus bimaculatus
81,3,0,5872,5457,1158,618,4477,3765,Diptera,Chironomidae,Thienemannimyia carnea,Thienemannimyia sp. 1ES
82,0,0,0,0,0,0,0,0,Diptera,Chironomidae,Eukiefferiella brevicalcar,Simulium sp. BOLD-2016
83,0,0,0,0,0,0,0,0,Diptera,Chironomidae,Corynoneura sp. 16ES,Corynoneura scutellata
84,0,0,0,0,0,1,0,0,Diptera,Chironomidae,Rheopelopia maculipennis,Tanypodinae sp. BOLD:ACN3016
85,0,0,344,792,2,23,49,171,Diptera,Chironomidae,Tvetenia calvescens,Tvetenia calvescens
86,0,0,4,0,0,0,0,0,Diptera,Chironomidae,Potthastia longimanus,Empididae sp. BOLD-2016
87,9150,12991,0,0,0,60,0,0,Diptera,NA,NA,Procladius signatus
88,1,0,15179,16301,5315,8690,9468,14890,Diptera,Chironomidae,Cricotopus bicinctus,Cricotopus bicinctus
89,430,387,0,0,0,3,0,0,Diptera,Chironomidae,Zavrelimyia sp. 1ES,Conchapelopia aagaardi
90,4730,5330,12,0,0,91,3,0,Diptera,Chironomidae,Microtendipes pedellus,Polypedilum sordens
91,33,70,0,0,0,0,0,0,Diptera,Chironomidae,Micropsectra klinki,Tanytarsus inextentus
92,0,0,0,0,0,0,42,0,Diptera,Chironomidae,Orthocladius oblidens,Orthocladius oblidens
93,2,0,0,0,0,2,0,0,Diptera,Chironomidae,Procladius nigriventris,Procladius nigriventris
94,179,421,0,0,0,1,0,0,Diptera,Chironomidae,Brillia bifida,Propsilocerus akamusi
95,0,0,1993,1454,1055,1015,11254,9979,Diptera,Chironomidae,Cricotopus triannulatus,Cricotopus triannulatus
96,1,0,0,0,0,1,0,0,Diptera,Chironomidae,Endochironomus albipennis,Endochironomus albipennis
97,0,0,3,0,0,2,0,0,Diptera,Chironomidae,Ablabesmyia longistyla,Anopheles maculatus
98,1,0,0,0,12,0,0,0,Diptera,Chironomidae,Diamesa sp. 3,Cheumatopsyche persica
99,0,0,0,0,0,0,0,0,Diptera,Chironomidae,Brillia longifurca,Brillia sp. BOLD:AAI3832
100,0,0,0,0,0,0,0,0,Diptera,Chironomidae,Polypedilum pedestre,Polypedilum cf. pedestre BOLD:AAW0978
101,0,0,0,0,0,0,0,0,Diptera,Chironomidae,Brillia bifida,Orthocladiinae sp. BOLD:ACL7762
102,12,3,0,0,0,0,0,0,Diptera,Chironomidae,Heterotrissocladius marcidus,Heterotrissocladius sp. BOLD-2016
103,1,0,0,0,0,0,0,0,NA,NA,NA,Corynoneura sp. BOLD:AAI5884
104,0,0,1,0,0,0,0,0,Diptera,Chironomidae,Micropsectra appendica,Micropsectra appendica
105,0,0,0,0,0,0,0,0,Diptera,Chironomidae,Rheotanytarsus,Rheotanytarsus sp. BOLD-2016
106,0,0,0,0,3,0,0,0,Diptera,Chironomidae,Natarsia punctata,Orthocladiinae sp. BOLD-2016
107,0,0,0,0,0,1,0,0,Diptera,Chironomidae,Rheotanytarsus ringei,Rheotanytarsus pentapoda
108,0,0,0,0,0,0,0,17,Diptera,Chironomidae,Rheopelopia sp. 1ES,Coelopynia sp. 1 MEC-2013
109,0,0,0,0,0,0,8,0,Diptera,Chironomidae,Tanytarsus brundini,Tanytarsus brundini
110,0,0,0,0,0,0,0,0,Diptera,Chironomidae,Brillia longifurca,Brillia sp. BOLD:AAI3832
111,0,0,0,0,0,0,0,0,Diptera,Chironomidae,Polypedilum nubeculosum,Polypedilum nubeculosum
112,547,1434,0,0,0,21,0,0,Diptera,Chironomidae,Apsectrotanypus trifascipennis,Orthocladiinae sp. BOLD-2016
113,0,0,0,0,0,0,0,0,Diptera,Chironomidae,Phaenopsectra flavipes,Phaenopsectra flavipes
114,0,0,0,0,2,0,0,2,Diptera,Chironomidae,Rheotanytarsus pentapoda,Rheotanytarsus sp. BOLD-2016
115,0,0,0,0,5,0,0,0,Diptera,Chironomidae,Tanytarsus eminulus,Tanytarsus eminulus
116,0,0,0,0,0,0,0,0,Diptera,Chironomidae,Micropsectra contracta,Micropsectra contracta
117,1,0,0,0,0,0,0,0,Diptera,Chironomidae,Tvetenia calvescens,Tvetenia calvescens
118,0,0,0,0,0,0,0,0,Diptera,Chironomidae,Polypedilum albinodus,Chironominae sp. BOLD:ACD0914
119,0,0,0,0,0,0,0,0,Diptera,Chironomidae,Thienemanniella vittata,Thienemanniella xena
120,865,1637,0,0,0,10,0,0,Diptera,Chironomidae,Procladius sp.,Chironomidae sp. BOLD-2016
121,0,1,1,0,0,0,0,0,Diptera,Chironomidae,Conchapelopia pallidula,Conchapelopia sp. BOLD:ACQ3496
122,0,0,0,0,0,0,0,0,Diptera,Chironomidae,Virgatanytarsus arduennensis,Paratanytarsus sp. BOLD:ACD1709
123,0,0,0,0,1,0,0,3,Diptera,Chironomidae,Tvetenia verralli,Tvetenia paucunca
124,0,0,0,0,0,0,0,0,Diptera,Chironomidae,Polypedilum convictum,Microtendipes pedellus
125,1,0,1,0,0,1,0,0,Diptera,Chironomidae,Dicrotendipes nervosus,Dicrotendipes nervosus
126,0,0,0,0,0,0,0,3,Diptera,Chironomidae,NA,Orthocladius rivulorum
127,1058,1090,0,0,0,2,0,0,Diptera,Chironomidae,Micropsectra notescens,Micropsectra notescens
128,0,0,0,0,0,0,0,0,Diptera,Chironomidae,NA,Paraphaenocladius irritus
129,0,0,0,0,0,0,0,4,Diptera,Chironomidae,Cricotopus skirwithensis,Cricotopus sp. BOLD:ACL4290
130,0,0,0,0,0,0,0,0,Diptera,Chironomidae,Cricotopus annulator,Cricotopus sp. BOLD-2016
131,0,0,0,0,0,0,0,0,Diptera,Chironomidae,Corynoneura sp. 7ES,Corynoneura sp. 7ES
132,0,0,0,0,0,0,0,0,Diptera,Chironomidae,Limnophyes pentaplastus,Limnophyes pentaplastus
133,0,0,0,0,0,0,0,0,Diptera,Chironomidae,Eukiefferiella claripennis,Eukiefferiella claripennis
134,0,0,1,0,0,0,1,0,Diptera,Chironomidae,Cricotopus bicinctus,Cricotopus bicinctus
135,0,0,0,0,0,0,0,0,Diptera,Chironomidae,Trissopelopia longimana,Trissopelopia longimana
136,0,0,1,0,0,0,0,0,Diptera,Chironomidae,Chironomus,Chironomus sp. BOLD-2016
137,0,0,0,0,0,0,0,0,NA,NA,NA,Dicrotendipes nervosus
138,0,0,0,0,0,0,0,0,Diptera,Chironomidae,Chaetocladius piger,Chaetocladius insolitus
139,0,0,112,86,25,83,24,131,Diptera,Chironomidae,NA,Chironomidae sp. BOLD-2016
140,0,0,0,0,0,0,0,0,Diptera,Chironomidae,Eukiefferiella dittmari,Eukiefferiella sp. BOLD-2016
141,0,0,0,0,0,0,0,0,Diptera,Chironomidae,Corynoneura sp. 17ES,Corynoneura scutellata
142,0,0,0,0,0,0,0,0,NA,NA,NA,Orthocladiinae sp. BOLD-2016
143,0,0,0,0,0,0,0,0,Diptera,Chironomidae,Parakiefferiella bathophila,Parakiefferiella bathophila
144,0,0,0,0,0,0,0,0,Diptera,Chironomidae,Psectrocladius limbatellus,Orthocladiinae sp. BOLD-2016
145,0,0,0,0,0,0,0,0,Diptera,Chironomidae,NA,Chironomidae sp. BOLD:ABA0772
146,35,23,0,0,0,0,0,0,NA,NA,NA,Rheosmittia spinicornis
147,0,0,0,0,0,0,0,0,Diptera,Chironomidae,Limnophyes sp. 13ES,Limnophyes sp. BOLD-2016
148,206,170,0,0,0,2,0,0,Diptera,Chironomidae,Tanytarsus signatus,Stempellinella edwardsi
149,0,0,0,0,9,0,0,0,Diptera,Chironomidae,Stictochironomus unguiculatus,Chironominae sp. BOLD-2016
150,0,0,0,0,0,0,0,0,Diptera,Chironomidae,Micropsectra pallidula,Micropsectra pallidula
151,0,0,0,0,0,0,0,0,Diptera,Chironomidae,Ablabesmyia,Chironominae sp. BOLD-2016
152,0,0,0,0,0,0,0,0,Diptera,Chironomidae,Corynoneura edwardsi,Corynoneura carriana
153,68,90,1,0,0,1,0,0,NA,NA,NA,Chironominae sp. BOLD-2016
154,0,0,0,0,0,0,0,0,Diptera,Chironomidae,Cricotopus sylvestris,Cricotopus sylvestris
155,0,0,0,0,0,0,1,0,NA,NA,NA,Orthocladius sp. BOLD-2016
156,0,0,0,0,0,0,0,0,Diptera,Chironomidae,Thienemanniella majuscula,Orthocladiinae sp. BOLD-2016
157,0,0,0,0,0,0,0,0,NA,NA,NA,Tanytarsus sp. BOLD:ACU4288
158,27,11,19,8,0,0,0,0,Diptera,Chironomidae,Paratanytarsus dissimilis,Paratanytarsus inopertus
159,207,270,1,0,0,6,0,0,Diptera,Chironomidae,Microtendipes pedellus,Polypedilum sordens
160,0,0,0,0,0,0,0,0,Diptera,Chironomidae,Micropsectra junci,Micropsectra junci
161,0,0,46,116,216,26,4,15,Diptera,Chironomidae,Parametriocnemus stylatus,Parametriocnemus sp. BOLD:ACC5534
162,0,0,0,0,2,0,0,0,Diptera,Chironomidae,NA,Chironomus tepperi
163,0,0,0,0,0,0,0,0,Diptera,Chironomidae,Micropsectra roseiventris,Micropsectra roseiventris
164,0,0,0,0,0,0,0,0,Diptera,Chironomidae,Nanocladius anderseni,Nanocladius anderseni
165,0,0,0,0,0,0,0,0,Diptera,Chironomidae,Thienemanniella xena,Thienemanniella xena
166,0,0,0,0,0,0,0,0,Diptera,Chironomidae,Psectrocladius sp. 6TE,Psectrocladius sordidellus
167,50,94,0,0,0,0,0,0,Diptera,Chironomidae,Tanytarsus heusdensis,Tanytarsus sp. BOLD:AAV3526
168,0,0,0,0,0,0,0,0,Diptera,Chironomidae,Nanocladius rectinervis,Leptocera limosa
169,0,0,0,0,0,0,0,0,Diptera,Chironomidae,Parametriocnemus stylatus,Chironomidae sp. BOLD-2016
170,0,0,0,0,0,0,0,0,Diptera,Chironomidae,Procladius crassinervis,Procladius crassinervis
171,0,0,0,0,0,0,0,0,Diptera,Chironomidae,Nanocladius minimus,Nanocladius anderseni
172,0,0,18443,25136,7197,10570,18417,22244,Diptera,Chironomidae,Conchapelopia hittmairorum,Conchapelopia sp. AJ-2011
173,0,0,0,0,0,0,0,0,Diptera,Chironomidae,Polypedilum sordens,Polypedilum sordens
174,0,0,0,0,0,0,0,0,Diptera,Chironomidae,Corynoneura,Chironomidae sp. BOLD:AAN5033
175,0,0,0,0,0,0,0,2,Diptera,Chironomidae,Rheotanytarsus pentapoda,Rheotanytarsus sp. BOLD:ACL3883
176,19,36,0,0,0,0,0,0,NA,NA,NA,Chironomidae sp. BOLD-2016
177,0,0,0,0,0,0,0,0,Diptera,Chironomidae,Polypedilum nubeculosum,Polypedilum nubeculosum
178,0,0,2,1,35,4,49,23,Diptera,Chironomidae,Thienemannimyia carnea,Thienemannimyia sp. 1ES
179,0,0,0,0,0,0,0,0,NA,NA,NA,Rheotanytarsus sp. BOLD:ACL3883
180,0,0,0,0,0,0,0,0,Diptera,Chironomidae,Phaenopsectra flavipes,Phaenopsectra flavipes
181,0,0,3,0,237,120,925,854,Diptera,Chironomidae,Thienemannimyia carnea,Thienemannimyia sp. 1ES
182,0,0,0,0,0,0,0,0,Trichoptera,Polycentropodidae,Cyrnus trimaculatus,Cyrnus trimaculatus
183,0,2,0,0,2,0,0,147,Diptera,Pediciidae,Dicranota robusta,Dicranota sp. BOLD-2016
184,1,0,0,0,0,1,0,0,Diptera,Pediciidae,Dicranota bimaculata,Dicranota sp. BOLD:AAD0480
185,1,0,3,0,0,38,0,0,Diptera,Hybotidae,Oedalea zetterstedti,Oedalea zetterstedti
186,89,0,1,0,0,0,0,0,NA,NA,NA,Scathophaga stercoraria
187,1306,1044,0,0,0,54,0,0,NA,NA,NA,Chironomidae sp. BOLD-2016
188,0,0,1,0,0,2,0,0,Diptera,Opomyzidae,Opomyza nigriventris,Wiedemannia bohemani
189,0,0,0,0,0,0,0,0,NA,NA,NA,Polypedilum sp. BOLD-2016
190,0,0,0,0,0,0,15,0,Diptera,Chironomidae,Phaenopsectra punctipes,Chironominae sp. BOLD:ACD0914
191,90,81,2,0,0,0,0,0,NA,NA,NA,Limnophora olympiae
192,0,0,28,1,0,0,0,0,NA,NA,NA,Orthocladiinae sp. BOLD-2016
193,0,0,79,5,0,0,0,0,NA,NA,NA,Orthocladius sp. BOLD-2016
194,73,190,0,0,0,0,0,0,NA,NA,NA,Limnophora olympiae
195,17,43,0,0,0,0,0,0,NA,NA,NA,Limnophora olympiae
196,1,14,0,0,0,0,0,0,NA,NA,NA,Limnophora olympiae
197,0,0,0,0,0,0,0,0,Diptera,Phoridae,Megaselia sp. BOLDABX804,Wiedemannia bohemani
198,0,0,0,0,0,0,0,0,NA,NA,NA,Limnophora olympiae
199,0,0,0,0,0,0,0,0,Diptera,Cecidomyiidae,NA,Cecidomyiidae sp. BOLD-2016
200,3,17,0,0,0,0,0,0,NA,NA,NA,Diptera sp. JNPetit-1194
201,188,134,0,0,0,1,0,0,NA,NA,NA,Cladotanytarsus mancus
202,0,0,0,0,0,0,0,0,NA,NA,NA,Orthocladius sp. BOLD-2016
203,0,0,0,0,0,0,0,0,NA,NA,NA,Chironominae sp. BOLD:AAP3003
204,0,0,0,0,0,0,0,0,NA,NA,NA,Limnophora olympiae
205,0,0,0,0,0,0,0,0,NA,NA,NA,Limnophora olympiae
206,0,0,0,0,0,0,0,0,NA,NA,NA,Limnophora olympiae
207,0,0,0,0,0,0,0,0,Diptera,Hybotidae,Bicellaria lugubris,Oedalea zetterstedti
208,10,2,0,0,0,0,0,0,NA,NA,NA,Limnophora olympiae
209,0,0,0,0,0,0,0,0,NA,NA,NA,Pollenia amentaria
210,1,1,0,0,0,0,0,0,NA,NA,NA,Limnophora olympiae
211,0,0,1,0,0,1,0,0,NA,NA,NA,Limnophora olympiae
212,1,0,0,0,0,0,0,0,NA,NA,NA,Limnophora olympiae
213,15,26,0,0,0,0,0,0,NA,NA,NA,Chironomidae sp. BOLD-2016
214,0,0,0,0,0,0,0,0,NA,NA,NA,Limnophora olympiae
215,0,0,0,0,0,0,0,0,Plecoptera,Perlodidae,Diura nanseni,Diura bicaudata
216,3,0,0,0,0,1,2,223,Plecoptera,Perlodidae,Diura nanseni,Diura bicaudata
217,0,0,0,0,0,0,0,0,Plecoptera,Perlodidae,Diura nanseni,Diura bicaudata
218,0,0,0,0,0,0,0,1,Plecoptera,Perlodidae,Diura nanseni,Diura bicaudata
219,0,0,0,0,0,0,0,0,Plecoptera,Perlodidae,Diura nanseni,Diura bicaudata
220,0,5,31789,85075,6924,9807,30882,50239,Coleoptera,Elmidae,Elmis aenea,Elmis aenea
221,0,0,0,0,0,0,0,5,Diptera,Limoniidae,Eloeophila trimaculata,Tanypus kraatzi
222,16,6,0,0,0,1,0,0,Diptera,Limoniidae,Eloeophila maculata,Anopheles lindesayi
223,7,0,8,0,0,12,0,0,Ephemeroptera,Ephemeridae,Ephemera vulgata,Ephemera vulgata
224,0,0,0,0,0,0,0,0,Ephemeroptera,Ephemeridae,Ephemera vulgata,Ephemera vulgata
225,0,0,0,0,0,0,0,0,Ephemeroptera,Ephemeridae,Ephemera vulgata,Ephemera vulgata
226,0,0,0,0,0,0,0,0,Ephemeroptera,Ephemeridae,Ephemera vulgata,Ephemera vulgata
227,0,0,0,0,0,0,0,0,Ephemeroptera,Ephemeridae,Ephemera vulgata,Ephemera vulgata
228,4,0,0,0,31,0,0,2,Ephemeroptera,Ephemerellidae,Ephemerella mucronata,Ephemerella mucronata
229,0,0,0,0,0,0,0,172,Amphipoda,Gammaridae,Gammarus pulex,Gammarus pulex
230,0,0,0,0,0,0,0,0,Hemiptera,Gerridae,Gerris lacustris,Gerris lacustris
231,0,0,0,0,0,0,0,0,Hemiptera,Gerridae,Gerris lacustris,Gerris lacustris
232,0,0,0,0,0,0,0,2,Trichoptera,Glossosomatidae,Glossosoma intermedium,Glossosoma intermedium
233,0,0,1,0,0,0,0,0,Odonata,Gomphidae,Gomphus vulgatissimus,Gomphus vulgatissimus
234,0,0,0,0,0,0,0,0,NA,NA,NA,Onychogomphus forcipatus
235,0,0,0,0,0,0,0,0,Basommatophora,Planorbidae,Gyraulus sp.,Gyraulus sp. 17106
236,0,0,50,0,0,8,76,0,Coleoptera,Gyrinidae,Orectochilus villosus,Orectochilus villosus
237,0,0,7,0,0,0,47,1,NA,NA,NA,Orectochilus villosus
238,0,0,0,0,0,0,0,0,NA,NA,NA,Orectochilus villosus
239,0,0,0,0,0,0,0,0,NA,NA,NA,Orectochilus villosus
240,0,0,0,0,0,0,0,0,Coleoptera,Gyrinidae,Orectochilus villosus,Orectochilus villosus
241,0,0,1,0,0,0,3,0,NA,NA,NA,Orectochilus villosus
242,0,0,0,0,0,0,0,0,NA,NA,NA,Orectochilus villosus
243,0,0,0,0,0,0,1,0,NA,NA,NA,Orectochilus villosus
244,0,0,5,0,0,0,5,0,Coleoptera,Gyrinidae,Orectochilus villosus,Orectochilus villosus
245,0,0,0,0,0,0,1,0,NA,NA,NA,Orectochilus villosus
246,0,0,0,0,0,0,0,0,NA,NA,NA,Orectochilus villosus
247,0,0,0,0,0,0,0,0,NA,NA,NA,Orectochilus villosus
248,0,0,0,0,0,0,0,0,NA,NA,NA,Orectochilus villosus
249,0,0,0,0,0,0,0,0,NA,NA,NA,Orectochilus villosus
250,0,0,0,0,0,0,0,0,NA,NA,NA,Orectochilus villosus
251,0,0,0,0,0,0,0,0,NA,NA,NA,Orectochilus villosus
252,0,0,0,0,0,1,0,0,NA,NA,NA,Orectochilus villosus
253,0,0,0,0,0,0,0,0,NA,NA,NA,Orectochilus villosus
254,0,0,0,0,0,1,1,0,NA,NA,NA,Orectochilus villosus
255,0,0,0,0,0,0,0,0,NA,NA,NA,Orectochilus villosus
256,0,0,0,0,0,0,0,0,NA,NA,NA,Orectochilus villosus
257,0,0,0,0,0,0,0,0,NA,NA,NA,Orectochilus villosus
258,0,0,0,0,0,0,0,0,NA,NA,NA,Orectochilus villosus
259,0,0,0,0,0,0,0,0,NA,NA,NA,Orectochilus villosus
260,0,0,0,0,0,0,0,0,NA,NA,NA,Orectochilus villosus
261,0,0,0,0,0,0,0,0,NA,NA,NA,Orectochilus villosus
262,0,0,0,0,0,1,0,0,NA,NA,NA,Orectochilus villosus
263,0,0,0,0,0,0,0,0,NA,NA,NA,Orectochilus villosus
264,0,0,2,0,0,0,0,0,NA,NA,NA,Orectochilus villosus
265,0,0,0,0,0,0,0,0,NA,NA,NA,Orectochilus villosus
266,0,0,0,0,0,0,1,0,NA,NA,NA,Orectochilus villosus
267,0,0,0,0,0,0,0,0,NA,NA,NA,Orectochilus villosus
268,0,0,0,0,0,0,0,0,NA,NA,NA,Orectochilus villosus
269,0,0,0,0,0,0,0,0,NA,NA,NA,Orectochilus villosus
270,0,0,0,0,0,0,0,0,NA,NA,NA,Orectochilus villosus
271,0,0,0,0,0,0,0,0,NA,NA,NA,Orectochilus villosus
272,0,0,0,0,0,0,0,0,NA,NA,NA,Orectochilus villosus
273,0,0,0,0,0,0,0,0,NA,NA,NA,Orectochilus villosus
274,0,0,0,0,0,0,0,0,NA,NA,NA,Orectochilus villosus
275,0,0,0,0,0,0,0,0,NA,NA,NA,Orectochilus villosus
276,0,0,0,0,0,0,0,0,NA,NA,NA,Orectochilus villosus
277,0,0,0,0,0,0,0,0,NA,NA,NA,Orectochilus villosus
278,0,0,0,0,0,0,0,0,NA,NA,NA,Orectochilus villosus
279,0,0,0,0,0,0,0,0,NA,NA,NA,Orectochilus villosus
280,0,0,0,0,0,0,0,0,NA,NA,NA,Orectochilus villosus
281,0,0,0,0,0,0,1,0,NA,NA,NA,Orectochilus villosus
282,0,0,0,0,0,0,0,0,NA,NA,NA,Orectochilus villosus
283,0,0,0,0,0,0,1,0,NA,NA,NA,Orectochilus villosus
284,0,0,0,0,0,0,0,0,NA,NA,NA,Orectochilus villosus
285,0,0,0,0,0,0,0,0,Coleoptera,Gyrinidae,Orectochilus villosus,Orectochilus villosus
286,0,0,0,0,0,0,0,0,NA,NA,NA,Orectochilus villosus
287,0,0,0,0,0,0,0,0,NA,NA,NA,Orectochilus villosus
288,0,0,0,0,0,0,0,0,NA,NA,NA,Orectochilus villosus
289,0,0,0,0,0,0,1,0,Coleoptera,Gyrinidae,Orectochilus villosus,Orectochilus villosus
290,0,0,0,0,0,0,1,0,NA,NA,NA,Orectochilus villosus
291,0,0,0,0,0,0,0,0,Coleoptera,Gyrinidae,Orectochilus villosus,Orectochilus villosus
292,0,0,1,0,0,0,0,0,NA,NA,NA,Orectochilus villosus
293,0,0,0,0,0,0,0,0,NA,NA,NA,Orectochilus villosus
294,0,0,2,0,0,0,5,0,Coleoptera,Gyrinidae,Orectochilus villosus,Orectochilus villosus
295,0,0,0,0,36,0,0,0,Rhynchobdellida,Glossiphoniidae,Helobdella stagnalis,Helobdella stagnalis
296,0,0,0,0,0,0,0,0,Rhynchobdellida,Glossiphoniidae,Helobdella stagnalis,Helobdella stagnalis
297,1,0,12157,14231,5526,6902,12062,10776,Diptera,Empididae,Hemerodromia adulatoria,Tachydromia annulimana
298,17,6,0,0,308,0,0,44,Ephemeroptera,Heptageniidae,Heptagenia pulla,Heptagenia dalecarlica
299,0,0,0,0,0,0,0,0,Ephemeroptera,Heptageniidae,Heptagenia pulla,Heptagenia pulla
300,2,1,0,0,13,0,0,18,Ephemeroptera,Heptageniidae,Heptagenia pulla,Heptagenia pulla
301,0,0,0,0,0,0,0,0,Ephemeroptera,Heptageniidae,Heptagenia pulla,Heptagenia pulla
302,0,0,0,0,0,0,0,0,Ephemeroptera,Heptageniidae,Heptagenia pulla,Heptagenia pulla
303,118,6,9006,7659,1684,1175,782,1038,Ephemeroptera,Heptageniidae,Heptagenia sulphurea,Heptagenia sulphurea
304,0,0,0,0,0,0,0,0,Ephemeroptera,Heptageniidae,Heptagenia sulphurea,Heptagenia sulphurea
305,0,0,0,0,4,0,0,0,Coleoptera,Hydraenidae,Hydraena riparia,Hydraena assimilis
306,45,43,0,0,2,0,0,0,Coleoptera,Hydraenidae,Hydraena riparia,Hydraena assimilis
307,0,0,0,0,0,0,0,0,Coleoptera,Hydraenidae,Hydraena gracilis,Hydraena gracilis
308,0,0,0,0,0,0,0,0,Coleoptera,Hydraenidae,Hydraena riparia,Hydraena britteni
309,883795,737035,43,0,0,1398,33,0,Trichoptera,Hydropsychidae,Hydropsyche angustipennis,Hydropsyche angustipennis
310,3935,2967,0,0,0,4,0,0,Trichoptera,Hydropsychidae,Hydropsyche angustipennis,Hydropsyche angustipennis
311,12,0,0,0,0,0,0,0,Trichoptera,Hydropsychidae,Hydropsyche contubernalis,Hydropsyche contubernalis
312,123,25,295717,205577,513338,446754,640859,394022,Trichoptera,Hydropsychidae,Hydropsyche pellucidula,Hydropsyche pellucidula
313,0,0,25763,32090,13387,8520,16432,8849,Trichoptera,Hydropsychidae,Hydropsyche pellucidula,Hydropsyche pellucidula
314,0,0,1,0,1,1,0,0,Trichoptera,Hydropsychidae,Hydropsyche pellucidula,Hydropsyche pellucidula
315,0,0,1138,765,1986,1146,2105,1488,Trichoptera,Hydropsychidae,Hydropsyche pellucidula,Hydropsyche pellucidula
316,0,12,0,0,0,0,0,6,Trichoptera,Hydropsychidae,Hydropsyche saxonica,Hydropsyche saxonica
317,73,0,649932,390214,110888,163356,139158,81326,Trichoptera,Hydropsychidae,Hydropsyche siltalai,Hydropsyche siltalai
318,0,0,806,307,114,52,48,113,Trichoptera,Hydropsychidae,Hydropsyche siltalai,Hydropsyche siltalai
319,4,0,0,0,0,12,0,26,Trichoptera,Hydropsychidae,Hydropsyche newae,Ceratopsyche newae
320,0,0,0,0,0,0,0,0,Trichoptera,Hydropsychidae,Hydropsyche bulgaromanorum,Hydropsyche bulgaromanorum
321,0,0,0,0,0,0,0,0,Trichoptera,Hydropsychidae,Hydropsyche newae,Ceratopsyche newae
322,0,0,1,0,1,0,0,0,Trichoptera,Hydroptilidae,Hydroptila sparsa,Hydroptila sparsa
323,0,0,0,0,0,0,0,0,Trichoptera,Hydroptilidae,Hydroptila tineoides,Hydroptila tineoides
324,4,11,0,0,96,1,6,242,Plecoptera,Perlodidae,Isoperla difformis,Isoperla sp. AMI 1
325,0,0,0,0,0,0,0,5,Plecoptera,Perlodidae,Isoperla difformis,Isoperla sp. AMI 1
326,0,0,0,0,0,0,0,0,Plecoptera,Perlodidae,Isoperla difformis,Isoperla sp. BOLD:AAA6568
327,22,0,0,0,169,2,1,8,Plecoptera,Perlodidae,Isoperla obscura,Isoperla obscura
328,0,1,0,0,19,0,1,39,Plecoptera,Perlodidae,Isoperla grammatica,Isoperla grammatica
329,0,0,0,0,0,0,0,0,NA,NA,NA,Isoperla grammatica
330,0,0,0,0,0,0,0,0,Plecoptera,Perlodidae,Isoperla grammatica,Isoperla grammatica
331,0,0,0,0,0,0,0,0,Plecoptera,Perlodidae,Isoperla obscura,Isoperla obscura
332,0,0,0,0,0,0,0,0,Plecoptera,Perlodidae,Isoperla obscura,Isoperla obscura
333,0,0,0,0,0,0,0,0,Plecoptera,Perlodidae,Isoperla grammatica,Isoperla grammatica
334,0,0,0,0,12,0,0,0,Plecoptera,Perlodidae,Isoperla obscura,Isoperla obscura
335,0,0,0,0,2,0,0,0,Plecoptera,Perlodidae,Isoperla obscura,Isoperla obscura
336,0,0,0,0,0,0,0,0,Plecoptera,Perlodidae,Isoperla obscura,Isoperla obscura
337,0,0,0,0,1,0,0,2,Plecoptera,Perlodidae,Isoperla grammatica,Isoperla grammatica
338,0,0,6,0,3,0,1,0,Trichoptera,Hydroptilidae,Ithytrichia lamellaris,Ithytrichia lamellaris
339,83753,185958,251,0,43,48,0,0,Ephemeroptera,Heptageniidae,Kageronia fuscogrisea,Kageronia fuscogrisea
340,61,65,0,0,0,0,0,0,Ephemeroptera,Heptageniidae,Kageronia fuscogrisea,Kageronia fuscogrisea
341,1,0,321,3260,736,786,175,1402,Trichoptera,Lepidostomatidae,Lepidostoma hirtum,Lepidostoma hirtum
342,12,0,0,0,0,5,0,0,Trichoptera,Lepidostomatidae,Lepidostoma hirtum,Lepidostoma hirtum
343,3,0,120,1090,29,24,3,35,NA,NA,NA,Lepidostoma hirtum
344,4641,6875,5,0,52,195,7,30,Ephemeroptera,Leptophlebiidae,Leptophlebia marginata,Leptophlebia marginata
345,1,0,0,0,26,0,1,0,Ephemeroptera,Leptophlebiidae,Leptophlebia vespertina,Leptophlebia vespertina
346,0,0,0,0,4,0,0,0,Ephemeroptera,Leptophlebiidae,Leptophlebia vespertina,Leptophlebia vespertina
347,1,2,0,0,0,0,0,0,Ephemeroptera,Leptophlebiidae,Leptophlebia marginata,Leptophlebia marginata
348,0,0,0,0,0,0,0,0,Ephemeroptera,Leptophlebiidae,Leptophlebia marginata,Leptophlebia marginata
349,0,0,0,0,63,0,0,5,Plecoptera,Leuctridae,Leuctra hippopus,Leuctra hippopus
350,0,0,0,0,0,0,0,0,Plecoptera,Leuctridae,Leuctra hippopus,Leuctra hippopus
351,0,0,0,0,17,0,0,0,Plecoptera,Leuctridae,Leuctra hippopus,Leuctra hippopus
352,168,0,2,0,0,0,0,0,Trichoptera,Limnephilidae,Glyphotaelius pellucidus,Glyphotaelius pellucidus
353,0,1,0,0,0,0,0,17,Trichoptera,Limnephilidae,Potamophylax latipennis,Potamophylax latipennis
354,0,0,0,0,0,0,1,0,Trichoptera,Limnephilidae,Potamophylax rotundipennis,Potamophylax rotundipennis
355,0,0,0,0,0,0,0,0,Trichoptera,Limnephilidae,Halesus radiatus,Halesus radiatus
356,0,0,0,0,0,0,0,0,NA,NA,NA,Potamophylax latipennis
357,0,0,0,0,0,0,0,1,Trichoptera,Limnephilidae,Potamophylax latipennis,Potamophylax latipennis
358,0,0,0,0,0,0,0,0,Trichoptera,Limnephilidae,Halesus radiatus,Halesus radiatus
359,0,0,0,0,0,0,0,0,Trichoptera,Limnephilidae,Potamophylax latipennis,Potamophylax latipennis
360,4,0,0,0,0,0,0,0,Trichoptera,Limnephilidae,Glyphotaelius pellucidus,Glyphotaelius pellucidus
361,1,0,0,0,0,0,0,0,Trichoptera,Limnephilidae,Glyphotaelius pellucidus,Glyphotaelius pellucidus
362,0,0,0,0,0,0,0,0,Trichoptera,Limnephilidae,Glyphotaelius pellucidus,Glyphotaelius pellucidus
363,96,1,286126,377382,5799,9552,40572,52522,Coleoptera,Elmidae,Limnius volckmari,Limnius volckmari
364,0,0,458,614,74,202,363,608,Coleoptera,Elmidae,Limnius volckmari,Limnius volckmari
365,4772,3904,209,0,0,15,1,0,Diptera,Muscidae,Limnophora olympiae,Limnophora olympiae
366,8,9,0,0,0,0,0,0,NA,NA,NA,Limnophora olympiae
367,17,21,47,0,0,0,0,0,NA,NA,NA,Limnophora olympiae
368,3,0,0,0,0,0,0,0,NA,NA,NA,Lype phaeopa
369,0,1,0,0,1,0,0,0,Trichoptera,Brachycentridae,Micrasema primoricum,Micrasema primoricum
370,0,0,0,0,6,0,0,13,Trichoptera,Brachycentridae,Micrasema setiferum,Micrasema setiferum
371,4346,4229,0,0,0,108,0,0,Trichoptera,Leptoceridae,Mystacides niger,Mystacides azureus
372,0,0,0,0,0,0,0,0,NA,NA,NA,Steinernema glaseri
373,64,27,11,0,58,0,0,0,Plecoptera,Nemouridae,Nemoura avicularis,Nemoura avicularis
374,0,3,0,0,0,0,1,133,Plecoptera,Nemouridae,Nemoura flexuosa,Nemoura flexuosa
375,188,202,0,0,0,0,0,0,Plecoptera,Nemouridae,Nemoura cinerea,Nemoura cinerea
376,2,0,0,0,0,0,0,0,Trichoptera,Polycentropodidae,Neureclipsis bimaculata,Neureclipsis bimaculata
377,0,0,0,0,26,0,0,0,Trichoptera,Leptoceridae,Oecetis testacea,Oecetis testacea
378,7138,14509,2,0,53,39,1,1,Lumbriculida,Lumbriculidae,Lumbriculus variegatus,Lumbriculus variegatus
379,0,0,118,0,0,1,1,0,Haplotaxida,Lumbricidae,Eiseniella tetraedra,Eiseniella tetraedra
380,6,0,3,0,0,3,138,0,Haplotaxida,Naididae,Psammoryctides barbatus,Psammoryctides barbatus
381,2,0,1,0,2,0,0,0,Haplotaxida,Enchytraeidae,Cognettia glandulosa B SM2014,Chamaedrilus glandulosus
382,0,0,1,0,79,0,0,1,NA,NA,NA,Rhyacodrilus coccineus
383,1,0,10,0,92,0,0,0,Haplotaxida,Naididae,Spirosperma apapillatus,Spirosperma apapillatus
384,0,0,21,0,0,0,2,0,Haplotaxida,Naididae,Ophidonais serpentina,Ophidonais serpentina
385,0,0,0,0,15,0,0,0,Lumbriculida,Lumbriculidae,Lumbriculus variegatus,Lumbriculus variegatus
386,1,0,0,0,0,0,165,0,NA,NA,NA,Chaetogaster limnaei
387,0,0,1,0,0,2,0,0,NA,NA,NA,Tubificinae sp. 1 RV-2016
388,0,0,2,0,0,0,241,0,NA,NA,NA,Spirosperma apapillatus
389,0,0,0,0,0,0,0,0,Haplotaxida,Enchytraeidae,Fridericia perrieri,Fridericia perrieri
390,0,1,0,0,145,1,0,0,Haplotaxida,Enchytraeidae,Cognettia sphagnetorum B SM2014,Chamaedrilus chalupskyi
391,0,0,5,0,0,1,4,0,Lumbriculida,Lumbriculidae,Stylodrilus heringianus,Stylodrilus heringianus
392,0,0,18,0,0,0,1,0,NA,NA,NA,Limnodrilus hoffmeisteri
393,0,0,16,201,1,8,60,40,Lumbriculida,Lumbriculidae,Rhynchelmis tetratheca,Rhynchelmis tetratheca
394,0,0,0,0,0,0,0,0,NA,NA,NA,Tubificinae sp. T1_174
395,0,0,0,0,36,0,0,0,Haplotaxida,Lumbricidae,Eiseniella tetraedra,Eiseniella tetraedra
396,466,369,0,0,0,0,0,0,Haplotaxida,Naididae,NA,Rhyacodrilus coccineus
397,1159,1002,0,0,0,11,0,2,Lumbriculida,Lumbriculidae,Stylodrilus heringianus,Stylodrilus heringianus
398,0,0,0,0,0,0,4,0,Haplotaxida,Naididae,Tubifex tubifex,Tubifex tubifex
399,0,0,0,0,0,0,0,0,Haplotaxida,Naididae,Ripistes parasita,Ripistes parasita
400,0,0,76,72,19,8,0,0,Haplotaxida,Naididae,Nais alpina,Nais alpina
401,0,0,0,0,0,0,0,0,Haplotaxida,Naididae,Aulodrilus pluriseta,Aulodrilus pluriseta
402,0,0,0,0,0,0,0,0,Haplotaxida,Enchytraeidae,Cognettia sp.,Chamaedrilus chalupskyi
403,0,0,0,0,0,0,0,0,Haplotaxida,Naididae,Slavina appendiculata,Slavina appendiculata
404,0,0,0,0,0,0,0,0,NA,NA,NA,Propappus volki
405,0,0,0,0,0,0,0,0,NA,NA,NA,Lumbriculus sp. BOLD:AAG5080
406,0,0,0,0,0,0,0,0,Haplotaxida,Naididae,Nais,Nais communis/variabilis complex sp. A2
407,0,0,0,0,0,0,0,0,Lumbriculida,Lumbriculidae,Lumbriculus,Lumbriculus sp. BOLD:AAG5080
408,0,0,0,0,0,0,0,0,NA,NA,NA,Tubificinae sp. 1 RV-2016
409,0,0,0,0,0,0,0,0,Lumbriculida,Lumbriculidae,Lumbriculus,Lumbriculus sp. BOLD:AAG5080
410,0,0,0,0,0,0,0,0,Lumbriculida,Lumbriculidae,Lumbriculus,Lumbriculus sp. BOLD:AAG5080
411,0,0,0,0,1,0,0,0,Haplotaxida,Naididae,Stylaria lacustris,Stylaria lacustris
412,0,0,0,0,72,0,0,0,NA,NA,NA,Chaetogaster diastrophus
413,0,0,0,0,0,0,0,0,NA,NA,NA,Chaetogaster limnaei
414,0,0,0,0,0,0,0,0,Haplotaxida,Naididae,Chaetogaster diaphanus,Chaetogaster diaphanus
415,0,0,0,0,0,0,0,0,NA,NA,NA,Chaetogaster limnaei
416,0,0,0,0,0,0,0,0,NA,NA,NA,Chamaedrilus glandulosus
417,0,0,0,0,0,0,0,0,NA,NA,NA,Lumbriculus variegatus
418,0,0,0,0,1,0,0,0,Haplotaxida,Naididae,Piguetiella blanci,Piguetiella blanci
419,0,0,0,0,0,0,0,0,NA,NA,NA,Chamaedrilus varisetosus
420,0,0,0,0,0,0,0,0,Haplotaxida,Naididae,Nais variabilis,Nais variabilis
421,0,0,0,0,0,0,0,0,Haplotaxida,Enchytraeidae,Chamaedrilus glandulosus,Chamaedrilus aff. glandulosus B SM-2014
422,0,0,0,0,0,0,0,0,Lumbriculida,Lumbriculidae,Lumbriculus,Lumbriculus sp. BOLD:AAG5080
423,2,1,0,0,0,2,0,0,Haplotaxida,Naididae,Psammoryctides barbatus,Psammoryctides barbatus
424,0,0,0,0,0,0,0,0,Lumbriculida,Lumbriculidae,Lumbriculus variegatus,Lumbriculus variegatus
425,0,0,0,0,0,0,0,0,NA,NA,NA,Propappus volki
426,0,0,152,0,0,0,1,0,Odonata,Gomphidae,Onychogomphus forcipatus,Onychogomphus forcipatus
427,51130,73580,24930,17203,13429,9185,18155,8736,Coleoptera,Elmidae,Oulimnius tuberculatus,Oulimnius tuberculatus
428,0,0,0,0,3,0,0,0,Veneroida,Sphaeriidae,Pisidium supinum,Pisidium supinum
429,317,376,0,0,0,0,0,0,Veneroida,Sphaeriidae,Pisidium subtruncatum,Pisidium subtruncatum
430,0,0,0,0,0,1,0,0,Veneroida,Sphaeriidae,Pisidium sp. I CC2014,Pisidium casertanum
431,0,0,0,0,0,0,0,0,Coleoptera,Dytiscidae,Platambus maculatus,Platambus maculatus
432,120,74,30,0,1,0,1,0,Trichoptera,Polycentropodidae,Polycentropus flavomaculatus,Polycentropus flavomaculatus
433,124,67,26,0,0,0,0,0,Trichoptera,Polycentropodidae,Polycentropus flavomaculatus,Polycentropus flavomaculatus
434,34,54,1,0,2,0,0,0,Trichoptera,Polycentropodidae,Polycentropus irroratus,Polycentropus irroratus
435,0,6,3,0,1874,1,0,247,Plecoptera,Nemouridae,Protonemura meyeri,Protonemura meyeri
436,0,0,0,0,0,0,0,1,Plecoptera,Nemouridae,Protonemura meyeri,Protonemura meyeri
437,0,0,0,0,0,0,0,0,NA,NA,NA,Protonemura meyeri
438,1125,1720,0,0,0,6,0,0,Diptera,Psychodidae,Pneumia trivialis,Pericoma blandula
439,0,0,0,0,0,0,0,0,Diptera,Psychodidae,Pericoma blandula,Pericoma blandula
440,2,0,57122,122265,5662,8878,58814,109764,Trichoptera,Psychomyiidae,Psychomyia pusilla,Psychomyia pusilla
441,736,0,21,0,0,0,0,0,Hygrophila,Lymnaeidae,Radix balthica,Radix balthica
442,31,1,17,12,195,10,207,228,Trichoptera,Rhyacophilidae,Rhyacophila nubila,Rhyacophila sp. BIOUG16428-F05
443,0,0,0,0,109,0,2,0,Ephemeroptera,Ephemerellidae,Serratella ignita,Serratella cf. ignita SE-36-FR(MV)
444,0,0,0,0,0,0,0,0,Ephemeroptera,Ephemerellidae,Serratella ignita,Serratella ignita
445,0,0,5,0,0,0,0,0,Megaloptera,Sialidae,Sialis lutaria,Sialis lutaria
446,120,0,0,0,65,0,0,0,Diptera,Simuliidae,Simulium aureum,Simulium aureum
447,8,1,50988,48642,3560,4831,6724,9136,Diptera,Simuliidae,Simulium ornatum,Simulium intermedium
448,0,0,124075,320482,52045,107232,178758,296254,Diptera,Simuliidae,Simulium equinum,Simulium duolongum
449,6,21,242,148,337,537,886,524,Diptera,Simuliidae,Simulium intermedium,Simulium intermedium
450,0,0,0,0,0,0,0,2,Diptera,Simuliidae,Simulium reptans,Simulium reptans
451,0,0,0,0,0,0,0,0,Diptera,Simuliidae,Simulium verecundum complex,Simulium verecundum complex sp. BOLD-2016
452,2,0,0,0,0,1,0,0,Diptera,Simuliidae,Simulium noelleri,Simulium noelleri
453,4,0,4,0,0,4,0,0,Diptera,Simuliidae,Simulium morsitans,Simulium morsitans
454,1,0,0,0,0,0,0,0,Diptera,Simuliidae,Simulium tuberosum,Simulium tuberosum
455,0,0,1,0,0,0,1,0,Diptera,Simuliidae,Simulium lundstromi,Simulium lundstromi
456,0,0,3,0,13,0,0,0,Diptera,Simuliidae,Simulium angustipes,Simulium angustipes
457,0,0,1256,5112,610,1061,1550,4909,Diptera,Simuliidae,Simulium equinum,Simulium siamense
458,0,0,0,0,23,0,0,0,Diptera,Simuliidae,Simulium velutinum,Simulium velutinum
459,0,0,0,0,0,0,9,0,Diptera,Simuliidae,Simulium erythrocephalum,Simulium tuberosum
460,0,0,0,0,0,0,1,0,Diptera,Simuliidae,Simulium intermedium,Simulium ornatum
461,0,0,0,0,0,0,0,0,Diptera,Simuliidae,Simulium vernum,Simulium vernum
462,0,0,0,0,0,0,0,0,NA,NA,NA,Simulium reptans
463,0,0,31,7,12,9,26,11,Diptera,Simuliidae,Simulium ornatum,Simulium intermedium
464,0,0,1,0,0,0,0,0,Diptera,Simuliidae,Simulium lundstromi,Simulium lundstromi
465,226,261,17135,19985,2188,3700,5108,5697,Diptera,Simuliidae,Simulium ornatum,Simulium intermedium
466,0,0,4,3,0,0,0,0,Diptera,Simuliidae,Simulium ornatum,Simulium trifasciatum
467,6,7,410,425,79,102,236,169,Diptera,Simuliidae,Simulium ornatum,Simulium trifasciatum
468,14,17,763,1027,139,218,231,406,Diptera,Simuliidae,Simulium ornatum,Simulium intermedium
469,0,2,6,0,5,0,4,0,Diptera,Simuliidae,Simulium ornatum,Simulium trifasciatum
470,0,0,6369,10945,548,1108,1948,3514,Diptera,Simuliidae,Simulium equinum,Simulium duolongum
471,0,0,551,294,3,6,8,10,Diptera,Simuliidae,Simulium ornatum,Simulium trifasciatum
472,0,0,4,3,14,9,19,28,Diptera,Simuliidae,Simulium ornatum,Simulium intermedium
473,0,0,207,782,133,188,351,467,Diptera,Simuliidae,Simulium equinum,Simulium latipes
474,0,0,1,1,0,0,1,2,Diptera,Simuliidae,Simulium ornatum,Simulium intermedium
475,0,0,243,537,1420,3529,4870,9556,Diptera,Simuliidae,Simulium equinum,Simulium siamense
476,5,0,0,0,2,0,0,0,Plecoptera,Chloroperlidae,Siphonoperla burmeisteri,Siphonoperla burmeisteri
477,0,0,0,0,3275,2115,5,19,Veneroida,Sphaeriidae,Sphaerium nucleus,Sphaerium nucleus
478,16,18,13274,14727,11046,6800,49450,49657,Plecoptera,Taeniopterygidae,Taeniopteryx nebulosa,Gymnometriocnemus brumalis
479,0,0,1491,1547,1508,719,7764,4530,Plecoptera,Taeniopterygidae,Taeniopteryx nebulosa,Leucophenga spilossoma
480,0,0,415,453,395,344,3716,1985,Plecoptera,Taeniopterygidae,Taeniopteryx nebulosa,Rachispoda sp. BOLD:AAG7290
481,3,0,284,0,0,0,2,0,Diptera,Tipulidae,Tipula sp. larvae,Tipulidae sp. BOLD-2016
482,0,0,1,0,0,0,0,0,Diptera,Tipulidae,Tipula,Tipulidae sp. BOLD-2016
483,0,0,13,0,0,36,144,0,Odonata,Calopterygidae,Calopteryx virgo,Calopteryx japonica
484,0,0,52,144,91895,149600,27,30,NA,NA,NA,Erpobdella octoculata
485,0,0,620,4951,9158,11122,875,11923,NA,NA,NA,Takobia cf. mutica SC-2016
486,63,111,24,0,0,2,62,6,Trichoptera,Leptoceridae,Limnephilus rhombicus,Limnephilus rhombicus
487,0,0,0,0,0,0,0,0,NA,NA,NA,Succinea sp. DSG-2013
488,144,0,0,0,0,0,0,0,NA,NA,NA,Erpobdella octoculata
489,0,0,0,0,0,0,1,0,Lepidoptera,Tortricidae,Epinotia immundana,Epinotia immundana
490,48169,50510,0,0,0,121,0,0,Lepidoptera,Crambidae,Nymphula nitidulata,Nymphula nitidulata
491,35,0,0,0,0,0,0,0,Trichoptera,Leptoceridae,Limnephilus fuscicornis,Limnephilus fuscicornis
492,7,0,0,0,0,1,0,0,NA,NA,NA,Erpobdella octoculata
493,2368,1905,289,369,20,16,344,71,NA,NA,NA,Asellus kosswigi
494,760,444,428,37,5,2,166,716,NA,NA,NA,Asellus aquaticus
495,0,0,0,0,0,1,2,0,Ephemeroptera,Ameletidae,Ameletus inopinatus,Nigrobaetis digitatus
496,0,0,0,0,0,0,0,0,NA,NA,NA,Nematoda sp. BOLD:ACQ7324
497,0,0,0,0,59,0,0,2,Plecoptera,Nemouridae,Protonemura meyeri,Protonemura meyeri
498,2107,2176,0,0,4,9,0,0,Isopoda,Asellidae,Asellus aquaticus,Asellus aquaticus
499,3093,3476,0,0,0,103,0,0,Trichoptera,Phryganeidae,Phryganea bipunctata,Phryganea bipunctata
500,53,23,0,1,358,354,4,13,NA,NA,NA,Rickettsia endosymbiont of Macrolophus sp.
501,0,0,2,0,10,0,0,0,Trichoptera,Hydroptilidae,Agraylea sexmaculata,Oxyethira frici
502,1957,4676,0,0,0,1,0,0,NA,NA,NA,Asellus aquaticus
503,6,1,0,3,56,89,22,28,NA,NA,NA,Vollenhovia emeryi
504,0,0,0,0,0,0,13,0,NA,NA,NA,Calopteryx japonica
505,0,0,0,0,27,0,0,0,NA,NA,NA,Hymenoptera sp. ASAHY857-14
506,0,1,0,0,0,0,0,0,Scorpaeniformes,Cottidae,Cottus gobio,Cottus rhenanus
507,0,0,0,0,0,0,0,22,NA,NA,NA,Diura bicaudata
508,721,737,1,26,0,0,0,0,NA,NA,NA,Asellus aquaticus
509,1,0,0,0,0,0,0,0,Pythiales,Pythiaceae,Pythium flevoense,Pythium flevoense
510,1,0,0,0,0,0,0,0,Odonata,Corduliidae,Somatochlora alpestris,Macromia illinoiensis
511,0,0,5,0,18751,16210,1,1,NA,NA,NA,Cecidomyiidae sp. BOLD-2016
512,0,0,29,0,0,0,0,7,Batrachospermales,Batrachospermaceae,Batrachospermum sp. 1GWS,Sheathia arcuata
513,0,0,0,0,7,0,0,3,NA,NA,NA,Rhyacodrilus okamikae
514,0,0,3,0,0,0,3,0,NA,NA,NA,Calopteryx japonica
515,0,0,0,0,0,0,6,0,NA,NA,NA,Calopteryx japonica
516,1,0,0,0,6,0,0,0,NA,NA,NA,Isoperla obscura
517,0,0,0,0,0,0,0,0,Saprolegniales,Leptolegniaceae,Leptolegnia caudata,Leptolegnia caudata
518,0,0,6,0,0,0,0,0,Trichoptera,Hydroptilidae,Ithytrichia clavata,Ithytrichia clavata
519,2,0,0,0,0,0,0,0,Plecoptera,Capniidae,Capnia atra,Capnia atra
520,0,0,0,0,0,0,0,0,Trichoptera,Leptoceridae,Limnephilus extricatus,Limnephilus extricatus sibiricus
521,0,0,0,1,1,1,0,0,NA,NA,NA,Candidatus Caedibacter acanthamoebae
522,0,0,0,0,16,0,0,0,NA,NA,NA,Sperchon sp. SP1
523,0,0,838,809,213,135,459,539,NA,NA,NA,zooplankton environmental sample
524,0,0,0,0,21,0,0,0,NA,NA,NA,Lebertia sp. 0961A
525,0,0,0,0,0,2,5,0,NA,NA,NA,Calopteryx japonica
526,0,0,0,0,0,0,0,4,Trombidiformes,Lebertiidae,NA,Arthropoda environmental sample
527,0,0,1474,1405,0,0,2270,2697,NA,NA,NA,Limnius volckmari
528,310,688,67,172,420,286,130,93,NA,NA,NA,Oulimnius bertrandi
529,0,0,0,0,0,0,1,0,NA,NA,NA,Calopteryx japonica
530,199,210,0,0,1,0,0,0,Isopoda,Asellidae,Asellus aquaticus,Asellus aquaticus
531,0,0,0,0,0,0,0,0,NA,NA,NA,Arthropoda environmental sample
532,0,0,0,0,0,0,4,0,NA,NA,NA,Calopteryx japonica
533,0,0,0,0,0,0,0,0,NA,NA,NA,Lebertia sp. BOLD:ABW2690
534,0,0,1,0,0,0,0,0,NA,NA,NA,Paralemanea annulata
535,0,0,0,0,0,0,1,0,NA,NA,NA,Calopteryx japonica
536,0,0,0,0,0,0,7,0,NA,NA,NA,Hygrobates nigromaculatus
537,0,0,0,0,0,1,0,0,NA,NA,NA,Coprinopsis cinerea okayama7#130
538,0,0,0,0,0,0,0,0,Trombidiformes,Hydrodromidae,Hydrodroma torrenticola,Hydrodroma torrenticola
539,0,0,0,0,0,0,0,0,NA,NA,NA,Leuctra hippopus
540,0,0,0,0,0,0,0,0,Plecoptera,Perlodidae,Diura nanseni,Diura bicaudata
541,7,15,1,0,0,0,0,0,NA,NA,NA,Calopteryx japonica
542,0,0,154,68,1,40,24,32,NA,NA,NA,Gomphonema parvulum
543,0,0,0,0,3,0,0,0,NA,NA,NA,Hygrobates sp. SS-2012
544,0,0,0,0,0,0,0,0,Hemiptera,Corixidae,Micronecta griseola,Micronecta griseola
545,0,0,0,0,0,0,0,0,Trombidiformes,Hygrobatidae,Hygrobates fluviatilis,Hygrobates fluviatilis
546,0,0,1,0,0,0,1,0,Trombidiformes,Sperchontidae,NA,Trombidiformes sp. BOLD:ACI5270
547,52,6,0,0,0,0,0,0,NA,NA,NA,Meghimatium sp. CLT-2009
548,0,1,28,326,0,0,0,0,NA,NA,NA,Oulimnius bertrandi
549,17,8,0,0,1,1,0,0,NA,NA,NA,Serpulidae sp. BOLD:AAG0874
550,0,0,0,0,260,264,242,1316,NA,NA,NA,Confluentimicrobium sp. EMB200-NS6
551,0,0,0,0,0,0,0,0,NA,NA,NA,Cuphodes sp. 3 ex Rhamnella fraguloides
552,0,2,0,0,0,1,0,0,Anthoathecata,Hydridae,Hydra oligactis,Hydra oligactis
553,1,0,0,0,0,1,0,2,NA,NA,NA,Pseudo-nitzschia brasiliana
554,0,0,0,0,0,0,1,0,NA,NA,NA,Calopteryx japonica
555,0,1,0,0,0,0,0,115,Trichoptera,Leptoceridae,Limnephilus rhombicus,Limnephilus rhombicus
556,0,0,0,0,10,0,0,0,NA,NA,NA,Hygrobates nigromaculatus
557,0,0,0,0,1076,1148,0,1,NA,NA,NA,Hymenoptera sp. ASAHY857-14
558,0,0,0,0,0,0,0,0,NA,NA,NA,Pectinatella magnifica
559,7,3,0,0,0,0,0,0,NA,NA,NA,Zerconidae sp. BOLD:ACK8449
560,0,0,0,0,0,0,1,0,NA,NA,NA,Calopteryx japonica
561,0,0,0,0,0,0,0,0,NA,NA,NA,Achlya sparrowii
562,0,0,0,0,0,0,0,0,Plecoptera,Perlodidae,Diura nanseni,Diura bicaudata
563,0,0,0,0,0,0,0,0,Trichoptera,Goeridae,Goera pilosa,Goera pilosa
564,0,0,0,0,0,0,1,0,NA,NA,NA,Calopteryx japonica
565,0,0,0,0,0,1,2,0,NA,NA,NA,Calopteryx japonica
566,0,0,0,0,0,0,0,0,NA,NA,NA,Mycetophilinae sp. BOLD-2016
567,2,1,0,0,0,0,0,0,NA,NA,NA,Sirodotia suecica
568,0,0,1,0,0,0,0,0,NA,NA,NA,Serratella setigera
569,33,221,0,246,173,184,0,218,NA,NA,NA,Oulimnius bertrandi
570,0,0,0,0,0,0,0,0,NA,NA,NA,Madurella mycetomatis
571,0,0,0,0,0,0,0,0,NA,NA,NA,Lepidotarsa nicetes
572,0,0,5,1,0,0,0,0,NA,NA,NA,Bdelloidea environmental sample
573,0,0,0,0,0,0,0,0,NA,NA,NA,Candidatus Caedibacter acanthamoebae
574,0,0,0,0,0,0,0,0,NA,NA,NA,Leuctra hippopus
575,0,10,0,0,0,0,0,0,Diplostraca,Chydoridae,Acroperus harpae,Acroperus sp. 2 NA
576,318,277,0,0,0,2,0,0,Trombidiformes,Lebertiidae,Lebertia inaequalis,Lebertia sp. JA-2011
577,0,0,0,0,70,49,0,0,NA,NA,NA,Protula pacifica
578,0,0,0,0,0,0,1,0,NA,NA,NA,Olpidiopsis feldmanni
579,0,0,0,0,0,0,0,0,NA,NA,NA,Spirodela polyrhiza
580,0,0,1,0,0,0,0,0,NA,NA,NA,Calopteryx japonica
581,0,0,37,187,221,110,149,76,NA,NA,NA,Trebouxia aggregata
582,68,124,0,0,0,0,0,0,Diplostraca,Daphniidae,Ceriodaphnia cf. quadrangula,Daphnia sp. BOLD:ACW5340
583,0,0,110,41,196,99,43,319,NA,NA,NA,Trebouxia aggregata
584,0,0,0,0,1,0,0,0,NA,NA,NA,Calopteryx japonica
585,0,0,0,0,0,0,0,0,Plumatellida,Plumatellidae,Plumatella fungosa,Hyalinella punctata
586,0,0,0,0,0,0,0,0,NA,NA,NA,Formicidae sp. NZAC 03012775
587,0,0,48,319,14,20,1,10,NA,NA,NA,Trebouxia aggregata
588,0,0,31,308,73,60,193,83,NA,NA,NA,Lecane papuana
589,0,0,0,0,3,0,128,2035,NA,NA,NA,Caulobacter henricii
590,0,0,0,0,0,0,0,0,Hemiptera,Aphididae,Anoecia,Anoecia sp. BOLD-2016
591,0,0,0,3,20,19,4,174,NA,NA,NA,Spherillo sp. shi-1
592,0,0,0,0,0,0,0,0,Acrochaetiales,Acrochaetiaceae,Audouinella sp.,Audouinella hermannii
593,0,0,0,0,0,0,0,0,NA,NA,NA,Orectochilus villosus
594,0,0,17,563,18,5,3,198,NA,NA,NA,Pterosperma cristatum
595,0,0,0,0,0,0,0,0,NA,NA,NA,Protula pacifica
596,0,0,0,0,0,0,0,1,NA,NA,NA,Melosira ambiqua
597,0,0,0,0,0,0,0,0,NA,NA,NA,Calopteryx japonica
598,0,0,0,0,0,0,0,0,NA,NA,NA,Leuctra hippopus
599,0,0,0,0,0,0,0,0,NA,NA,NA,Ephoron shigae
600,0,0,0,0,0,0,0,0,NA,NA,NA,Batrachospermum helminthosum
601,0,0,0,0,0,0,0,0,NA,NA,NA,Trichocerca stylata
602,0,0,0,0,0,0,0,0,Podocopida,Candonidae,Candonopsis kingsleii,Mangalocypria sp. SH-2014
603,0,0,0,0,0,0,0,0,NA,NA,NA,Calopteryx japonica
604,0,0,0,0,0,0,0,0,NA,NA,NA,Orectochilus villosus
605,76,42,0,0,0,0,0,0,NA,NA,NA,Rickettsia rickettsii str. Morgan
606,0,0,0,0,0,0,0,0,NA,NA,NA,Burkholderia sp. Bp7605
607,0,0,0,0,0,0,0,0,Trichoptera,Molannidae,Molannodes tinctus,Molannodes tinctus
608,24,51,0,0,0,0,0,0,Batrachospermales,Batrachospermaceae,Batrachospermum sp. 2GWS,Batrachospermum gelatinosum
609,0,0,0,0,0,0,0,0,NA,NA,NA,Kumanoa capensis
610,0,0,0,0,0,0,0,0,NA,NA,NA,Chydorus sp. HE-286.1
611,0,0,0,0,0,0,0,0,Saprolegniales,Leptolegniaceae,Leptolegnia sp.,Leptolegnia sp. BOLD:AAX5717
612,3,10,0,0,9,0,0,0,NA,NA,NA,Wolbachia endosymbiont of Melanaspis mga
613,0,0,5,0,0,0,0,0,NA,NA,NA,Eunotia sp. EUN392T
614,0,0,0,0,0,0,0,0,Bdelloidea_order_incertae_sedis,Philodinidae,Philodina flaviceps,Philodina flaviceps
615,0,0,0,0,0,0,0,4,NA,NA,NA,Wolbachia endosymbiont of Hymenoptera sp.
616,0,0,40,141,50,44,199,156,NA,NA,NA,Nannochloropsis limnetica
617,0,0,0,0,0,0,0,0,NA,NA,NA,Phaeobacter inhibens DSM 17395
618,0,0,53,0,21,19,0,0,NA,NA,NA,Chlorella sorokiniana
619,0,0,0,0,0,0,0,0,NA,NA,NA,Bougainvillia superciliaris
620,0,0,0,0,0,0,0,0,NA,NA,NA,Pisidium sp. 9D-20117-2H
621,0,0,0,0,0,0,0,0,NA,NA,NA,Formicidae sp. NZAC 03012775
622,149,189,0,0,0,0,0,0,NA,NA,NA,Mucor sp. BM-2009-2
623,0,0,0,0,0,0,0,0,NA,NA,NA,Trebouxia aggregata
624,0,0,0,0,0,45,0,0,NA,NA,NA,Ulnaria acus
625,0,0,0,0,0,0,0,0,NA,NA,NA,Lithodesmium variabile
626,0,0,0,0,0,0,0,0,NA,NA,NA,Habrotrochidae sp. nd
627,0,0,10,2,0,35,0,0,NA,NA,NA,Chlorella sp. MBTD-CMFRI-S026
628,0,0,0,0,0,0,0,0,NA,NA,NA,Collimonas arenae
629,0,0,23,23,98,122,1,19,NA,NA,NA,Lobosphaera incisa
630,0,0,15,0,31,57,0,0,NA,NA,NA,Pterosperma cristatum
631,0,0,0,0,0,0,0,0,NA,NA,NA,Collimonas arenae
632,0,0,0,0,0,0,0,0,NA,NA,NA,Caenis martae
633,0,0,0,0,0,0,0,0,NA,NA,NA,Rickettsia montanensis str. OSU 85-930
634,0,0,0,0,0,0,0,0,NA,NA,NA,Synchaetidae sp. SHDT150702
635,0,0,0,0,26,40,4,7,NA,NA,NA,Wolbachia endosymbiont of Hymenoptera sp.
636,0,0,0,0,0,0,0,0,Dictyotales,Dictyotaceae,Lobophora gibbera,Gonyostomum semen
637,0,0,0,0,0,0,0,0,NA,NA,NA,Asellus aquaticus
638,0,0,0,0,0,0,0,0,Trombidiformes,Torrenticolidae,NA,Torrenticolidae sp. BOLD:ACL8148
639,0,0,0,0,0,0,0,0,NA,NA,NA,Phytophthora infestans T30-4
640,16,0,0,64,0,0,0,0,NA,NA,NA,Insecta sp. SHSY141205
641,0,0,0,0,0,0,0,0,NA,NA,NA,Saprolegnia eccentrica
642,2,0,0,0,0,0,0,0,NA,NA,NA,Plationus patulus macracanthus
643,1,0,0,0,0,0,0,0,NA,NA,NA,Epiophlebia superstes
644,0,0,0,0,0,0,0,0,NA,NA,NA,Trebouxia aggregata
645,0,0,84,270,11,12,87,16,Ploima,Brachionidae,Keratella cochlearis,Keratella cochlearis
646,0,0,0,0,0,0,0,0,NA,NA,NA,Frustulia gondwana
647,0,0,0,0,0,0,0,0,NA,NA,NA,Burmargiolestes melanothorax
648,0,0,0,0,284,118,0,0,NA,NA,NA,Magnetospirillum gryphiswaldense MSR-1 v2
649,191,97,0,0,0,0,0,0,NA,NA,NA,Staphylinidae sp. NZAC 03009137
650,0,0,0,0,0,0,1,0,NA,NA,NA,Nitzschia cf. fonticola 2 RT-2009
651,0,0,12,31,89,110,6,21,NA,NA,NA,Nannochloropsis limnetica
652,0,0,0,0,13,0,0,0,NA,NA,NA,Collimonas arenae
653,0,0,0,0,5,0,0,0,NA,NA,NA,Gordius cf. robustus N280A
654,0,0,0,0,0,0,0,0,NA,NA,NA,Trebouxiophyceae sp. MX-AZ01
655,3,6,0,0,0,0,0,0,NA,NA,NA,Sceptonia sp. BOLD-2016
656,0,0,0,0,0,0,0,0,NA,NA,NA,Euchlanis dilatata
657,0,0,0,0,0,0,0,0,NA,NA,NA,Wolbachia endosymbiont of Leptopilina clavipes
658,0,0,0,0,0,0,0,0,NA,NA,NA,Gomphonema parvulum
659,0,0,0,0,0,0,0,0,NA,NA,NA,Orectochilus villosus
660,0,0,0,0,0,0,0,0,NA,NA,NA,Spherillo sp. shi-1
661,0,0,0,0,3,23,0,0,NA,NA,NA,Candidatus Accumulibacter phosphatis clade IIA str. UW-1
662,0,0,0,0,0,0,0,0,Saprolegniales,Leptolegniaceae,Aphanomyces sp.,Aphanomyces sp. BOLD:AAO9952
663,30,81,0,0,0,1,0,0,Hemiptera,Aphididae,Myzus lythri,Myzus lythri
664,0,0,0,0,0,0,0,0,NA,NA,NA,Orectochilus villosus
665,0,0,0,0,45,143,15,50,NA,NA,NA,Wolbachia endosymbiont of Formicidae sp.
666,0,0,0,0,0,0,0,0,NA,NA,NA,Pythium sp. JN-1a
667,0,0,0,0,0,0,0,0,NA,NA,NA,Calopteryx japonica
668,0,0,0,0,0,0,0,0,NA,NA,NA,Pythium acanthophoron
669,0,0,0,0,0,0,0,0,Trombidiformes,NA,NA,Hydryphantidae sp. BOLD:ACI3293
670,0,0,0,0,0,0,0,0,NA,NA,NA,Limnephilus rhombicus
671,0,0,0,0,0,0,0,0,NA,NA,NA,Wolbachia endosymbiont strain TRS of Brugia malayi
672,0,0,0,0,69,62,0,18,NA,NA,NA,Serpulidae sp. BOLD:AAG0874
673,0,0,0,0,0,0,0,0,NA,NA,NA,Calopteryx japonica
674,18,13,0,0,0,1,0,0,Diplostraca,Daphniidae,Ceriodaphnia cf. quadrangula,Daphnia cephalata
675,0,0,0,0,0,0,0,0,Haplosclerida,Spongillidae,Spongilla lacustris,Spongilla lacustris
676,0,0,0,0,0,0,0,0,NA,NA,NA,Aeolosoma sp. GG-2011
677,0,0,0,0,0,0,0,0,NA,NA,NA,Dictyuchus monosporus
678,0,0,0,0,0,0,0,0,NA,NA,NA,Orectochilus villosus
679,0,0,1,0,0,0,0,0,NA,NA,NA,Fistulifera solaris
680,0,0,0,0,0,0,0,0,NA,NA,NA,Oxyethira tristella
681,0,0,0,0,0,0,0,0,NA,NA,NA,Calopteryx japonica
682,0,0,0,0,0,0,0,0,NA,NA,NA,Vaucheria sessilis
683,0,0,0,0,0,0,0,0,NA,NA,NA,Platyhelminthes sp. BOLD:ACC8695
684,0,0,0,0,3,1,0,0,NA,NA,NA,Collimonas arenae
685,0,0,0,0,0,0,0,0,NA,NA,NA,Pythiopsis terrestris
686,0,0,0,0,0,0,0,0,Diplostraca,Daphniidae,Simocephalus exspinosus,Simocephalus exspinosus
687,0,0,0,0,0,11,0,0,NA,NA,NA,Cryptococcus neoformans var. grubii H99
688,0,0,0,0,0,0,0,0,NA,NA,NA,Methylomonas methanica MC09
689,0,0,0,0,0,0,0,0,NA,NA,NA,Botrydium granulatum var. kolkwitzianum
690,0,0,0,0,0,0,0,0,NA,NA,NA,Polychromophilus sp.
691,0,0,0,0,0,0,0,0,NA,NA,NA,Leohumicola minima
692,0,0,0,0,85,73,0,22,NA,NA,NA,Afipia sp. GAS231
693,0,0,0,0,24,3,0,0,NA,NA,NA,Ralstonia insidiosa
694,0,0,0,0,135,182,0,0,NA,NA,NA,Sphingopyxis alaskensis RB2256
695,0,0,0,0,0,0,0,0,NA,NA,NA,Keratella cochlearis
696,0,0,0,0,86,58,65,1,NA,NA,NA,Trachydiscus minutus
697,0,0,0,0,0,0,0,0,Rhynchobdellida,Glossiphoniidae,Helobdella modesta,Helobdella modesta
698,0,0,0,0,91,65,0,0,NA,NA,NA,Collimonas arenae
699,0,0,0,0,0,0,0,0,Podocopida,Candonidae,Candona candida,Podocopida sp. BOLD:AAH0910
700,0,0,0,0,0,0,0,0,NA,NA,NA,Aporrectodea aff. trapezoides L2
701,0,0,0,0,0,0,0,0,NA,NA,NA,Leohumicola minima
702,0,0,0,0,0,0,0,0,NA,NA,NA,Melosira ambiqua
703,0,0,59,71,0,0,0,0,NA,NA,NA,Mecysmauchenius osorno
704,0,0,0,0,0,0,0,0,NA,NA,NA,Cepaea hortensis
705,0,0,0,0,0,0,0,0,Trichoptera,Leptoceridae,Limnephilus flavicornis,Limnephilus flavicornis
706,0,0,0,0,0,0,0,0,NA,NA,NA,Helobdella stagnalis
707,0,0,1,43,11,1,0,20,NA,NA,NA,Mesorhizobium opportunistum WSM2075
708,0,0,0,0,0,0,0,0,Arhynchobdellida,Erpobdellidae,Dina lineata,Dina lineata
709,0,0,0,0,0,0,0,0,NA,NA,NA,Pythium irregulare
710,0,0,0,0,0,0,0,0,NA,NA,NA,Siphonoperla neglecta
711,0,0,0,0,14,7,83,101,NA,NA,NA,Rhodobacter sphaeroides
712,67,56,0,0,0,0,0,0,NA,NA,NA,Isospora manorinae
713,0,0,0,0,0,0,0,0,NA,NA,NA,Harpalus sp. BOLD:AAC8322
714,0,0,0,0,1,0,0,0,NA,NA,NA,Collimonas arenae
715,0,0,0,0,0,0,0,0,NA,NA,NA,Confluentimicrobium sp. EMB200-NS6
716,0,0,0,0,36,37,0,10,NA,NA,NA,Rhodobacter sphaeroides ATCC 17025
717,1,0,0,0,0,45,7,86,NA,NA,NA,Serpulidae sp. BOLD:AAG0874
718,0,0,0,0,0,0,0,0,Podocopida,Candonidae,Candona candida,Podocopida sp. BOLD:AAH0910
719,0,0,0,0,0,0,0,0,Podocopida,Candonidae,Candona candida,Podocopida sp. BOLD:AAH0910
720,0,1,0,0,13,0,0,1,NA,NA,NA,Serpulidae sp. BOLD:AAG0874
721,0,0,0,0,0,0,0,0,NA,NA,NA,Candidatus Caedibacter acanthamoebae
722,0,0,0,0,0,0,0,0,NA,NA,NA,Peronospora erodii
723,0,0,0,0,0,0,0,0,NA,NA,NA,Protula pacifica
724,0,0,0,0,0,0,0,0,Odonata,Calopterygidae,Calopteryx virgo,Calopteryx japonica
725,0,0,0,0,0,0,0,0,NA,NA,NA,Nocardioides sp. JS614
726,0,0,0,0,0,0,0,0,NA,NA,NA,Serratella setigera
727,0,0,0,0,0,0,0,0,NA,NA,NA,Calopteryx japonica
728,1,0,0,0,0,0,0,0,NA,NA,NA,uncultured fungus
729,0,0,0,0,0,0,0,0,Plecoptera,Chloroperlidae,Siphonoperla taurica,Siphonoperla taurica
730,0,0,0,0,0,0,0,0,NA,NA,NA,Methyloversatilis sp. RAC08
731,0,0,0,0,0,0,0,0,NA,NA,NA,Leifsonia xyli
732,0,0,0,33,50,43,0,17,NA,NA,NA,Nannochloropsis limnetica
733,2,2,0,0,1,0,0,0,Isopoda,Asellidae,Asellus aquaticus,Asellus aquaticus
734,0,0,0,0,11,16,0,50,NA,NA,NA,Confluentimicrobium sp. EMB200-NS6
735,0,0,0,0,1,0,0,0,Plecoptera,Chloroperlidae,Siphonoperla taurica,Siphonoperla taurica
736,0,0,0,0,0,0,5,0,NA,NA,NA,Calopteryx japonica
737,0,0,0,0,1,0,0,0,NA,NA,NA,Protonemura meyeri
738,0,0,0,0,0,0,0,0,NA,NA,NA,Calopteryx japonica
739,6,16,0,0,0,0,0,0,Isopoda,Asellidae,Asellus aquaticus,Asellus aquaticus
740,0,0,1,0,0,0,13,0,NA,NA,NA,Orectochilus villosus
741,0,0,0,0,0,0,1,0,Trichoptera,Leptoceridae,Limnephilus rhombicus,Limnephilus rhombicus
742,2,0,0,4,10,45,0,122,NA,NA,NA,Wolbachia endosymbiont of Anacrusis nephrodes
743,0,0,0,0,0,0,0,0,NA,NA,NA,Wolbachia endosymbiont of Mesochorus Janzen01
744,0,0,0,0,0,0,0,0,NA,NA,NA,Betula alleghaniensis
745,0,0,0,0,0,0,0,0,NA,NA,NA,Prasiola crispa
746,0,0,0,0,0,0,0,2,NA,NA,NA,Limnephilus rhombicus
747,0,0,0,0,0,0,0,0,Plecoptera,Perlodidae,Diura nanseni,Diura bicaudata
748,0,0,0,0,0,0,0,0,Ephemeroptera,Ameletidae,Ameletus inopinatus,Nigrobaetis digitatus
749,0,0,0,0,0,0,0,0,Plecoptera,Chloroperlidae,Siphonoperla taurica,Siphonoperla taurica
750,0,0,0,0,0,0,0,0,NA,NA,NA,Erpobdella octoculata
751,390,505,1153,1156,1603,1369,1060,1613,,,,
